_id,results.Array_increment_by_map.performance,results.Array_increment_by_map.rme,results.Array_increment_by_for.performance,results.Array_increment_by_for.rme,results.Wasm_increment_by_map.performance,results.Wasm_increment_by_map.rme,results.Wasm_increment_by_for.performance,results.Wasm_increment_by_for.rme,subject.name,subject.value
5fde065852d8272478ff403f,1537561.4267635613,1.0414212279082642,3117917.2432312905,0.1952832343769504,193706.82693100855,2.657822656921534,3094667.208582989,0.6907739219769611,array_size,384
5fde068652d8272478ff4042,6902656.54157653,1.8605184577879155,13498491.702509321,0.5938377180558561,708669.1131960703,1.6599836326014428,13461481.423728025,0.8530146607008315,array_size,80
5fde06a852d8272478ff4045,1119906.1716314694,1.1776810007829797,2296259.1915854234,0.5130176955677378,135777.30881994142,1.6711333076078596,2278891.0607765964,0.5281643255251591,array_size,528
5fde06a852d8272478ff4046,932326.535044637,4.7511849909145125,1951064.6668097521,0.2779538070316593,126019.615150374,2.3418491637400636,1941569.889501239,0.19832074950724646,array_size,624
5fde06b552d8272478ff404a,595916.1821488906,1.1046523910267267,1250845.0326386252,0.15033574961482565,79552.33939727371,2.1368806836086236,1250763.6295195448,0.2098991696878702,array_size,976
5fde06b552d8272478ff4049,8395479.0976006,1.759642704255901,16290940.633565232,2.6731271690153453,882278.9668816153,0.9239266335638785,16377346.881559862,2.3134942681465644,array_size,64
5fde06f852d8272478ff404d,617862.9173418898,0.7887424733026606,1294895.5209821942,0.2071502740452776,81759.43771904327,0.9282888990971865,1297621.3044557953,0.10024673349549854,array_size,944
5fde071352d8272478ff404f,578699.0499278081,1.3948836894328882,1215116.137758748,0.09623761290441125,77176.6505234513,1.3236326155403495,1216048.1644172636,0.08671156434602542,array_size,1008
5fde073752d8272478ff4051,646735.4587606248,2.4182339955511827,1354736.0856597736,0.24219388901813807,80185.72976279094,0.8385652670472717,1363095.1182708552,0.15147866670845753,array_size,896
5fde074752d8272478ff4054,751798.2521050716,0.3567048946454298,1551709.4413045472,0.3499050003521119,100093.62473024106,2.0176377251865327,1555746.2845674804,0.10000036679666602,array_size,784
5fde074e52d8272478ff4056,1256914.7284623252,1.6897458464349324,2607642.5422876803,0.19435327446727563,154030.875689495,1.8419644655595369,2591629.2947888,0.13468446875303677,array_size,464
5fde075452d8272478ff4058,1676243.0985478978,1.0668320992198546,3366871.990479435,0.24507136192845203,212472.77337886958,0.7268111516567325,3383826.9132839334,0.1292806197553617,array_size,352
5fde075952d8272478ff405c,2837134.443844105,4.9427680698695795,5530034.400794086,0.25601590260557044,348907.97267674276,1.149500745865389,5536314.935856691,0.5191062266392267,array_size,208
5fde075952d8272478ff405d,964832.245201572,0.6555319272470119,1992634.8270935041,0.10544645843919052,128064.89286825873,0.9306102548110172,1998312.1790717102,0.18849534054899691,array_size,608
5fde076152d8272478ff4060,587664.2848291678,0.33088660935816083,1231952.9586167422,0.32167107829164754,80709.18680511542,0.8010129116680136,1233002.3317960533,0.4128840597177605,array_size,992
5fde076a52d8272478ff4065,714235.9549873825,0.6347462163378994,1496654.9319140997,0.10355463325185366,94658.95500508894,1.0588896814319908,1495294.8332930685,0.10530991807920907,array_size,816
5fde076a52d8272478ff4066,3312922.9582031206,5.014179162565432,6412057.478483816,0.6373425858483538,401493.7933858842,2.1628840972737455,6471723.14830324,0.19986304946417363,array_size,176
5fde076a52d8272478ff4067,1191103.7271656585,0.7352932872170392,2432979.5362709626,0.16015897280038735,155098.83453123944,0.5840556453434895,2433558.3241922334,0.2021277739179997,array_size,496
5fde076f52d8272478ff4069,1912558.1207782372,3.6220361356664954,3877738.7796459617,0.15385417612271568,247416.72631429476,1.0996115775568014,3895710.740601435,0.19087206844629037,array_size,304
5fde077d52d8272478ff406b,10812025.63682873,1.4625391940765118,20993597.153809685,0.8127710718045381,998989.5566225662,1.0988538834758703,20953795.79103074,2.057114258337487,array_size,48
5fde078c52d8272478ff406d,26823813.25840875,2.870584232831223,51974812.02313793,5.1815041269072655,3932997.1334766042,0.3920852321641554,44951248.00859574,2.7348272247668755,array_size,16
5fde079152d8272478ff406f,769734.0782139204,0.3116910706128787,1589044.7257415084,0.07008952250737858,102241.16361708322,1.2074315880040192,1583980.140112417,0.1675075086693749,array_size,768
5fde079752d8272478ff4072,15226333.397565434,2.147510559389248,28816370.3900301,0.8095014734790179,1352189.52100542,0.4904532154668865,28965020.3285512,1.6283656516823743,array_size,32
5fde079c52d8272478ff4075,916258.1675886746,0.35907159637735064,1898589.977673304,0.08690094637664471,121057.16498696826,1.5628046015076533,1894231.9570324984,0.1549099639012133,array_size,640
5fde079f52d8272478ff407a,798719.1463145987,0.5282204874584386,1653921.9123800565,0.1309668168161797,108431.74756072933,0.2757823841806332,1657108.907909243,0.1706026766495382,array_size,736
5fde079f52d8272478ff4079,1018937.5575010476,1.4887940417708794,2101038.711306405,0.17187626692387653,134947.6211632347,1.1590161664443412,2101084.055439845,0.14874222217143465,array_size,576
5fde07ab52d8272478ff407e,994871.2145355848,0.7084069888222805,2045216.1392046728,0.12863393686995003,130340.43227724034,0.9681070516809884,2047078.0862299912,0.13900042105643012,array_size,592
5fde07b252d8272478ff4080,1226970.0664658074,0.559677379984072,2503288.8108108635,0.08298294335476494,159213.58017361528,2.0310568093499253,2510234.524933382,0.18306095121190977,array_size,480
5fde07c852d8272478ff4085,854362.7223509256,0.3611122541091261,1767091.8786869235,0.09766043311663047,113052.98368583425,3.49768880416066,1767400.8791621549,0.0977173610290232,array_size,688
5fde07c852d8272478ff4084,1327512.2633894687,0.4255707939440031,2680989.683361654,0.1486058938691079,174023.48730156082,0.6944524701224551,2681909.1255104113,0.14108190849284652,array_size,448
5fde07d152d8272478ff4089,897632.1792542981,0.5833488263226847,1849752.9692225603,0.12689688892474432,120245.83544391852,0.6640619118883522,1846680.099100461,0.1820006351654808,array_size,656
5fde07d152d8272478ff408a,782588.6340414863,0.3642186914638761,1617747.6111266033,0.12254384339194101,102655.68794036182,2.24350895135415,1619031.7735840413,0.07075601175246417,array_size,752
5fde07d652d8272478ff408c,1363848.8129641714,0.8319023435478105,2772552.86866575,0.13589757314924894,169990.22516208232,4.929477095908108,2777640.7904923134,0.08998477343259918,array_size,432
5fde07de52d8272478ff408e,1152870.9580154072,0.793366861250733,2355765.8042449486,0.2142308851662537,150991.19112958884,0.7495756822899314,2360223.8319245065,0.0817356188822071,array_size,512
5fde07e252d8272478ff4091,871505.4918054016,2.0770617530181243,1809827.5882580767,0.14968660934111852,113947.39758633987,3.106385066069345,1807105.4414266504,0.0769002569621384,array_size,672
5fde07e752d8272478ff4094,822938.1032602084,0.34584222415306026,1679625.3288149603,0.7984653386713298,106973.04224731805,1.0021310942254154,1691016.1343241255,0.050710507539529805,array_size,720
5fde07e952d8272478ff4096,678777.6139719926,0.3868967864607672,1415278.1169727887,0.14664844996825388,91720.85403678543,0.7433205190556226,1414356.1680442952,0.08591571330245043,array_size,864
5fde07f852d8272478ff4099,1473761.1919471575,0.488879526235876,2985190.532387174,0.14528707885569417,189236.86589494013,1.2285556066041539,2988338.1685825735,0.1263884814286423,array_size,400
5fde07fe52d8272478ff409b,640628.6984893657,0.4691366924150379,1343559.3311765078,0.06779190596189391,85991.01194984508,1.2018604268661854,1342237.8603597071,0.06877573930460654,array_size,912
5fde080452d8272478ff409d,2184417.4179345667,0.5184093648129228,4316644.69843804,0.2485542009690637,271683.4248750578,1.7049588492546883,4318729.308897524,0.11213871297448456,array_size,272
5fde080652d8272478ff40a0,665655.7182197266,0.7754149278772455,1389659.9160870847,0.09249586289518547,90011.93161219016,0.875851771755801,1390074.4129514336,0.06107029678104843,array_size,880
5fde080652d8272478ff40a1,3688086.9354668744,0.6129869834777922,7016355.94791388,0.25705353917644025,429769.59027842793,0.6651453052756093,7032927.005865641,0.267825075623128,array_size,160
5fde080852d8272478ff40a4,2480023.8337018336,0.610525448781545,4834713.896965725,0.1693114515477183,307441.35787677974,1.438673131142087,4845847.922308041,0.1418809232030446,array_size,240
5fde081152d8272478ff40a8,839714.4293349173,0.42552619032467914,1729831.5049799343,0.24204849393109673,112333.18071887331,0.6293851650146923,1727331.3081544102,0.07316631167730141,array_size,704
5fde081152d8272478ff40a7,1418877.8512044894,1.1255142965490335,2878678.027571623,0.1123582974752761,184797.38409769352,0.8458148131377553,2876903.364119898,0.11591325218537085,array_size,416
5fde081552d8272478ff40ac,3071630.0032057907,0.7462665996050805,5941503.384710652,0.2039283678019763,371958.5696925799,0.8144078557214638,5890068.6000119215,0.24506690880028997,array_size,192
5fde081752d8272478ff40af,2652105.7409445783,0.7454298000840855,5173346.978472013,0.18228328858099618,327239.09878139046,1.3614289943677058,5176628.163037953,0.13929101922488604,array_size,224
5fde081a52d8272478ff40b2,2057785.335170945,0.5380435554446424,4086016.3589931424,0.17273150550992375,262633.0203662988,0.41963064011165196,4088071.1148373066,0.11472844011096647,array_size,288
5fde082052d8272478ff40b5,694418.2374159757,0.4002235955824849,1440186.2616621966,0.0948427736360304,93300.30181953925,0.6695994757087742,1441113.1725203001,0.06793947452552816,array_size,848
5fde082152d8272478ff40b7,5093310.153922368,0.7475413037293226,9652929.828299033,0.39580520599871927,568814.0141085945,0.776287773448242,9627216.324041458,0.3664749746696054,array_size,112
5fde082352d8272478ff40b9,631199.2896017926,0.3582360175145559,1319007.6283797068,0.11029140787689201,86515.25496650627,0.3551963811539899,1320467.5562791585,0.056781262435859466,array_size,928
5fde082552d8272478ff40bc,703424.1297777214,0.5596108943884835,1466074.6856928866,0.07593718341964258,95129.69443184625,0.6161475934400165,1468229.0461924896,0.058455748382156114,array_size,832
5fde082652d8272478ff40bf,2330230.3850475247,0.5129566162665247,4561201.6892899275,0.11369065937717676,292295.6267813607,0.5373547195859956,4566846.840873864,0.14910609167891545,array_size,256
5fde082852d8272478ff40c2,734839.9702676429,0.2934227059906458,1526187.0844147801,0.21253221111151127,99652.58935615061,0.36746295165248916,1526746.949849435,0.052979938748090184,array_size,800
5fde082a52d8272478ff40c5,1059824.2531158265,0.6817832117765525,2157900.9530618796,0.10387801157481588,140759.99283898532,0.45060340214205813,2159488.79834048,0.07840542293805008,array_size,560
5fde082c52d8272478ff40c8,1768671.7003666598,0.4870711553766139,3528770.31412126,0.1502174511467425,224699.6038155308,0.5572374647431827,3529523.1748206094,0.11320688180691803,array_size,336
5fde082c52d8272478ff40c9,1857752.7317935945,0.478393271397088,3696643.7109351456,0.1462283110272919,238724.90421860036,0.2573794155606832,3699101.1748712966,0.10875366170316238,array_size,320
5fde082d52d8272478ff40cc,4539239.909969959,0.6105957718623531,8590666.000218326,0.3038032825752288,503336.79291996337,0.787018528760456,8574935.050607989,0.3441112102466029,array_size,128
5fde083252d8272478ff40cf,1590045.5209212787,0.9963400673732424,3233141.5317515335,0.108671760870847,207402.21025642223,0.4781524028679769,3238282.7855560775,0.09741960908172403,array_size,368
5fde083452d8272478ff40d1,5686200.901311075,1.0569555043616627,10901924.567510571,0.41472374789228983,649475.6264408302,0.5062940690663246,10992141.522254093,0.35346003163078826,array_size,96
5fde083b52d8272478ff40d4,1091532.5305647207,0.3590894065435003,2218401.1882808926,0.07648044535155782,145380.95156893233,0.27270698506938806,2221767.175554208,0.08389393795265358,array_size,544
5fde083c52d8272478ff40d7,605257.743860998,0.36539462613641455,1276459.0469612896,0.05794873469147493,83168.71550975149,0.552728988304948,1274300.9569976388,0.06338152024738941,array_size,960
5fde083e52d8272478ff40da,4031118.0690388815,0.767940457581065,7748245.290867595,0.1879582957538154,463842.3148673926,0.7179129489927547,7743105.476597018,0.20271325412028687,array_size,144
5fde083e52d8272478ff40dc,562514.9614625288,0.7468277213491441,1196008.421345641,0.07267423312424481,77145.99525786661,0.5937604082567156,1197109.7140977012,0.0792323032296451,array_size,1024
5fdf35c64583bd1d70c268b0,154484.3380979904,1.946674445985474,384587.84264111926,0.9712469314032799,22294.941647295607,0.9086008227650757,378721.69153592526,0.7939059747356857,array_size,3200
5fdf35f64583bd1d70c268b2,139957.34149674157,0.9935236894983849,336291.310656361,1.0413923331186163,20983.742757418142,3.22270515385109,346438.451953831,0.6318917846461475,array_size,3584
5fdf35f94583bd1d70c268b4,244315.08484942155,1.5221409161236197,573097.9993147857,2.4664354472722443,35430.32837410858,1.9104072758401103,581995.5773133916,0.6978435627059174,array_size,2048
5fdf36014583bd1d70c268b6,120266.13547175331,1.9024150287808885,297650.99109357677,0.6530298905933926,18645.13831571452,1.7248448049572738,297682.11168764776,0.8240793013791716,array_size,4096
5fdf360b4583bd1d70c268b8,229336.955998988,1.2478938965085664,548959.1774455378,0.7102951720366387,33667.29145702231,3.3757550730071277,551834.8284804075,0.6043390900553224,array_size,2176
5fdf361e4583bd1d70c268ba,142981.56002791057,1.6897540247369531,353705.1433089193,1.3017831391516208,21520.745914832536,1.1931594132817869,353444.7440304139,0.7106815542827206,array_size,3456
5fdf361f4583bd1d70c268be,356093.8861755478,1.0258628440425683,847790.7431918673,0.7917003316319622,55320.91314797467,2.178188957031998,820142.9540834264,2.59463981312901,array_size,1408
5fdf361f4583bd1d70c268bf,125768.06350222653,1.0768147942328867,301778.4610698871,2.6082399054732606,19600.728240429184,0.9152978769300314,300956.98508334125,2.3935690040193265,array_size,3968
5fdf361f4583bd1d70c268c0,148000.04796548866,2.041648873469955,365633.4040030184,0.9991592213788248,23068.501607238268,1.5159339922037494,364074.2058914711,0.9566765185630856,array_size,3328
5fdf36214583bd1d70c268c2,134780.35936338626,1.2727260539472511,329312.0083078791,0.8454110119541639,20948.226466984248,1.1266737198172565,330757.27886989014,0.8154595001747604,array_size,3712
5fdf36224583bd1d70c268c4,161246.18875676233,1.6260185184916736,397155.3396599432,1.8673832410572289,25221.69885130115,1.027604176211948,390831.73073126207,1.12572937556523,array_size,3072
5fdf362c4583bd1d70c268c6,217569.31132519615,1.265663082378109,518858.0561473696,0.8993379653428717,34134.021245518576,0.879332161243014,508726.3714169067,1.2851502721696209,array_size,2304
5fdf362e4583bd1d70c268c8,129479.48998895288,1.503300346487252,314998.2388252436,0.9815561478921443,20521.12508535265,0.8592610892266218,311644.0618659621,1.9593630915526294,array_size,3840
5fdf36324583bd1d70c268ca,177895.22397797686,1.355617924243015,425494.07236660057,0.8216347547464293,27143.455439000336,2.945647561043437,419500.5381232412,1.1452152013366266,array_size,2816
5fdf36334583bd1d70c268cc,391371.055164027,1.3780038561462578,933851.8211546056,0.7426733244559454,61576.731653872346,1.2608554749965517,918949.4254042188,0.8854417921364587,array_size,1280
5fdf36344583bd1d70c268ce,196621.3959191433,1.1463771454401737,468794.50658362,0.5799238460660211,30471.979363420192,1.401668852464277,459879.15566721634,0.7098355370127405,array_size,2560
5fdf36364583bd1d70c268d0,187218.98121584798,1.3598726382658153,445289.28290276113,0.7488761519319572,29136.205014544114,1.4407785389108114,440828.57579886646,0.9127714026150989,array_size,2688
5fdf363d4583bd1d70c268d2,278967.1640350516,1.2792209137216044,666775.6838022914,1.0356590816064988,43744.976792574904,0.9706231830661157,655759.4342961446,0.7808066497308429,array_size,1792
5fdf36434583bd1d70c268d8,203889.33529953135,1.2582420263384289,494370.59060976224,0.49471423531307607,32154.70992123846,0.9844510376414234,486098.3240801857,1.1341743220372016,array_size,2432
5fdf36434583bd1d70c268da,421002.4597237579,1.2574478864745275,1025525.8565267859,1.3465236250533537,66974.31609213636,1.5623689864611305,1026905.7843476718,1.0995938107929866,array_size,1152
5fdf36434583bd1d70c268d9,326094.728837944,1.487508697702039,776924.9368239763,0.9261355576446794,50809.66185785874,0.8840313940537947,767970.8098231402,1.2302227509948254,array_size,1536
5fdf36434583bd1d70c268db,299748.7062364095,1.2606806032739872,721459.1892949827,0.8149334175038427,46712.068671741574,0.810771859567914,709487.481679707,0.8743783224360461,array_size,1664
5fdf36434583bd1d70c268dc,258740.43640551626,1.723408016890675,624788.9135114048,1.0590700564627302,40534.71066574328,1.030404825690521,616835.0556794672,1.1386119290807828,array_size,1920
5fdf36464583bd1d70c268de,170344.04109739297,0.9985593285264682,405564.8968835217,1.078652099442523,26151.752132127025,1.0557169044752548,407531.759245916,0.8663581776708925,array_size,2944
5fdf3b3f4583bd1d70c268e0,131074.7872172493,6.783376095363374,306490.2536168816,9.395011591195882,20369.938474858172,1.2395432093173435,347407.73361620936,0.8546189413075547,array_size,3616
5fdf3b544583bd1d70c268e6,165194.8836116736,5.1262284137884295,374095.9696808202,14.592288422221952,23869.5795885354,3.195404501905756,418942.47811129,0.2100102083835661,array_size,3008
5fdf3b634583bd1d70c268e8,203335.05818548508,36.333531623973556,552639.5664764653,3.3897156451241752,32842.056696055355,4.827681143547092,568496.3446426662,0.9234213929681356,array_size,2144
5fdf3b894583bd1d70c268ea,133962.28588867982,3.581313177268681,305855.6917421488,15.617775734606884,20882.235032411674,3.0096766668372013,337019.66423903656,3.3037002686846875,array_size,3520
5fdf3bb84583bd1d70c268ee,443131.4321012832,2.1918448080186717,1161067.1303993382,0.21932612021896403,69864.89245410445,10.156636721641602,1129895.4508022151,3.330336328030236,array_size,1056
5fdf3bc14583bd1d70c268f3,137026.90550398175,4.668247157343406,360796.5623156951,2.0459195021673735,21821.78433852478,6.874620980716544,371539.8218904709,0.6248270983893842,array_size,3392
5fdf3bc14583bd1d70c268f4,124501.41358577344,5.876577072053159,343964.0223764703,0.32047351129067436,20430.744826447524,8.726342245941918,333508.9734700811,8.153894672991694,array_size,3648
5fdf3bc14583bd1d70c268f2,142385.46967966348,9.38496717562461,349506.3938735872,21.939031345854833,24840.80857621498,1.4525115423415895,367489.49948003265,12.44306322216301,array_size,3232
5fdf3bcf4583bd1d70c268f6,358025.65149629273,1.9006251258254405,891369.6900324697,0.2959531965631891,56990.88002248463,2.30325678611829,826385.2423946299,16.5565933768169,array_size,1376
5fdf3c154583bd1d70c268fc,118863.20767942454,2.7258405143572353,307226.0975106555,0.9422921894558586,17825.069600071536,4.992550275464196,310114.66057286086,0.35534926411124174,array_size,4064
5fdf3c274583bd1d70c268fe,258521.60069984617,2.073042401211493,648253.0957487513,0.9239514536409063,41049.511303654974,2.5278628874392,630818.1238011209,4.362921340518892,array_size,1888
5fdf3c2b4583bd1d70c26900,131896.34591361397,4.469363081246696,345436.2324571905,1.765584207262985,21259.506973643463,5.672213097172399,353614.2287302966,0.4538524268609796,array_size,3552
5fdf3c494583bd1d70c26902,117339.7696120359,3.936351705696882,305808.6392886191,2.922602243033965,19365.7793936306,2.631796913892925,300869.21647302114,6.672010360088744,array_size,4032
5fdf3cc14583bd1d70c26908,181888.74638725456,17.690619975716782,394973.63412114774,31.006295816578927,28367.83422221488,5.0845065295996115,492970.64055528416,0.7107111055761632,array_size,2464
5fdf3cc14583bd1d70c2690a,182036.9602075274,6.066644641958502,406588.5440711467,10.779901136527567,26100.50272326376,9.010034237193112,445638.53986967844,0.9691298964792011,array_size,2720
5fdf3cc94583bd1d70c2690e,188615.87385874114,20.159974716774368,521741.7543351194,3.6570245462261597,33117.513167822835,0.8809352497191969,536601.2930212067,3.552698810714715,array_size,2208
5fdf3cd44583bd1d70c26910,138113.0614360843,4.517368527378637,350879.9193226454,8.229167952424202,22264.42564207378,6.385230114435525,357849.4610897233,7.254715511400704,array_size,3360
5fdf3ce24583bd1d70c26912,283114.9531816378,7.896300746146423,704399.2516771462,1.8258769350516397,46275.071347935496,1.6610353356674334,722131.1203602018,0.7777378239633949,array_size,1696
5fdf3cff4583bd1d70c26917,420758.6197627423,2.376047170278916,1093374.6177984362,0.3131142885908224,68920.44359377652,1.5230355931284543,1089580.8690055534,0.4166094630884288,array_size,1120
5fdf3cff4583bd1d70c26918,135188.68974496934,4.982631840161709,365008.86401582544,1.1663012042835954,22374.312332051362,6.140836954111258,367258.90813261404,0.6382524607714634,array_size,3424
5fdf3d064583bd1d70c2691b,136095.25921030855,3.16201812626855,290669.57220790704,26.582609105021348,22505.697686254065,1.0894187786260314,354449.4620455339,3.004349008525032,array_size,3488
5fdf3d064583bd1d70c2691c,113119.21607407193,9.45112412141324,312438.2923097765,0.6679045131845773,19360.79401701225,1.4319898579258736,313010.38039295573,1.131860305647927,array_size,4000
5fdf3d204583bd1d70c2691e,259504.61205121005,5.23877685549528,675106.74637607,2.4582759350873484,44772.62450362782,0.9702914620031533,679553.0593964652,3.533993276218276,array_size,1760
5fdf3d204583bd1d70c26920,123925.58426968312,3.950921285147581,331612.9919973528,0.4736599497451818,20388.396720516284,2.581667341321865,331025.52624867525,1.405565378392941,array_size,3776
5fdf3d384583bd1d70c26922,123003.34957729772,4.142889712255978,329041.4189595627,0.27409323457423795,19971.770489722097,1.6849624577929156,329037.3490017534,0.7622990588947409,array_size,3808
5fdf3d484583bd1d70c26925,140723.43837146772,7.687378603790686,375463.8663621285,7.387149969775264,24239.628536005137,1.21473175134983,384614.38778403605,0.4626127713026806,array_size,3264
5fdf3d564583bd1d70c26928,146168.2856377128,2.0933337336868667,382220.09618687286,0.22322015464839062,23717.744078317173,1.0628704846424908,380362.4433193124,0.3731960349529597,array_size,3296
5fdf3d614583bd1d70c2692a,121633.85723131441,3.828458030279914,323447.28623022017,1.291008857062976,20638.86748320766,0.9125286168931626,321556.6754290937,1.164487007333296,array_size,3872
5fdf3d6f4583bd1d70c2692c,186812.0866603824,4.342923498592542,478926.8923125783,0.9750317849392722,31366.293409240876,2.602342122417066,470291.2395987641,2.5220188635988725,array_size,2528
5fdf3d7f4583bd1d70c2692e,155360.6550583885,3.3644838115049454,350399.6071786018,14.775080994268269,25489.887876028646,0.8546527906827284,380808.07596399746,5.918856693851023,array_size,3104
5fdf3d974583bd1d70c26930,120204.84270549058,5.321183886316486,317974.2349359324,0.30286403199495787,20069.312453213417,2.101015772225424,309273.08587118564,3.5611291674253622,array_size,3936
5fdf3da24583bd1d70c26934,148359.01257731504,3.9265970464798925,393739.9673796839,4.837131415996521,24714.229668806594,1.9613326286783916,393790.28029537975,1.1516510892503087,array_size,3136
5fdf3da24583bd1d70c26933,123684.52416366203,5.801268643359941,332543.49636342097,0.9350074539535104,20997.112054761248,1.5219196041669183,328497.75526497234,2.0033232309005506,array_size,3744
5fdf3daa4583bd1d70c26936,358504.51722959656,3.58310324682702,920390.1812424004,0.9380557273994169,55513.31502583786,12.662582836368774,898532.0738198573,2.4229022654817776,array_size,1312
5fdf3db54583bd1d70c26938,161332.5118640242,2.053769749664411,399576.2829145694,3.5366361752803783,25987.104410353237,0.8947158437944852,395946.68159463466,3.3374563624659235,array_size,3040
5fdf3dc04583bd1d70c2693a,148165.54968389563,5.590888223969805,385968.87720012845,1.7339006298170163,24619.603331166734,1.7733929170291745,394257.6146716897,1.3159153106514538,array_size,3168
5fdf3ddf4583bd1d70c2693c,237536.82063334328,9.935536313113463,572539.822262038,4.646039858248138,38183.311366201924,1.6131889801112096,600732.593110198,1.0603161004144006,array_size,2016
5fdf3de44583bd1d70c2693e,159627.84755194545,8.62651064074725,397600.8080250273,4.3301263298124875,26697.90124754132,0.9964032591235624,404229.28645369253,1.6218558370570517,array_size,2976
5fdf3df04583bd1d70c26940,253532.36029021832,4.291164977961569,595606.1492977791,3.301168141501645,39728.19189815698,1.0058453426802614,608221.6880890365,1.483804130788751,array_size,1984
5fdf3e0c4583bd1d70c26946,419328.6895585855,7.6685875709023135,1121561.5530665773,0.4792873199905598,70868.25771688792,1.2364551517575353,1110336.5830086283,0.8228597636863235,array_size,1088
5fdf3e1d4583bd1d70c2694c,311057.4985848646,4.9673944936760215,815167.9363120021,1.4568327450113434,52395.64173503963,2.0732640102340163,835036.2325494243,0.24600270646675532,array_size,1472
5fdf3e224583bd1d70c2694e,168043.9093718694,3.54843305440052,423004.12050817127,1.5711147858211612,27200.657435974495,6.3446749148303585,426341.60825841856,1.1211390806386732,array_size,2848
5fdf3e3d4583bd1d70c26950,393386.57100374566,1.5799481905732609,980227.6414190328,0.7713290031755987,62021.48013715522,2.0656654592003565,983696.1720093081,0.1628206943808032,array_size,1248
5fdf3e534583bd1d70c26954,122888.5936022993,3.3037759560033493,313878.5138772208,1.1292890175267918,20405.957119721275,0.9834343122000736,309351.04086102213,6.229921138986076,array_size,3904
5fdf3e6b4583bd1d70c26956,233601.31815146015,2.611492720969889,556696.8254689315,4.733099270934744,38232.42460732186,0.3231597819873623,548305.091583752,6.955842035769343,array_size,2112
5fdf3e6f4583bd1d70c26958,274111.17418403795,4.452194567346547,692394.4340629671,3.306050329602501,44786.86843302599,1.7669433211186902,705088.9208396844,1.0205886826996593,array_size,1728
5fdf3e724583bd1d70c2695a,186931.67660883852,3.8114291796633615,481865.0662531934,1.4791377503666967,31319.54238862645,1.594680418070809,490792.4202529385,0.37907152939936545,array_size,2496
5fdf3e7d4583bd1d70c2695c,183858.9984212516,2.6379277915804975,458805.93668257736,1.3191421659513172,29787.721565382086,2.9840931420886974,468256.2971951577,0.3401669028193407,array_size,2624
5fdf3e824583bd1d70c26960,186082.67052448995,8.126640410980379,501124.73629065225,3.365023238992446,33865.8785654371,0.945012163322884,521872.5300254135,0.9365494248915246,array_size,2336
5fdf3e824583bd1d70c2695f,157586.22024855055,11.375627031329412,410770.5366379528,1.2750846846630908,26873.493416327336,1.1193788914479907,410543.4059839202,4.4937253556334475,array_size,2912
5fdf3e834583bd1d70c26964,240740.55352469615,4.135981504271121,581100.7593653037,0.7484732962909466,36937.87857744717,2.258596251007385,588798.1527909411,0.5967493813651563,array_size,2080
5fdf3e884583bd1d70c26968,293063.82221309823,3.509178037401904,743171.6872586099,0.725712224731923,47659.26031622474,1.128603479318461,750151.538274864,0.5328138892805124,array_size,1632
5fdf3e884583bd1d70c26969,201665.6090442995,8.674021276747284,503304.23130674224,0.9568921843340936,32889.87445926505,1.336126993716955,511125.3434228626,0.27491250555878616,array_size,2400
5fdf3e884583bd1d70c2696a,201176.78428055634,23.825388383890868,527391.8664313136,3.8490956976372543,35297.53177972243,0.9615046379560246,548128.1853557132,0.3519938148293214,array_size,2240
5fdf3e8a4583bd1d70c2696e,132026.5509534979,2.101560481198424,335898.735345853,0.7491759697535533,21215.982931099585,1.6036332798410984,337631.7161779103,1.8487688997305007,array_size,3680
5fdf3e904583bd1d70c26970,329218.45276263787,2.299103683011018,790719.6186092664,1.7869848784092937,53551.91074537514,1.2910236202270067,796110.7107610595,3.5852958984363568,array_size,1504
5fdf3e974583bd1d70c26972,315475.2526989169,2.051579931672607,763565.6499087008,2.140340665870397,48488.67502717398,2.7324102485856994,773015.41302661,1.9609721862707798,array_size,1568
5fdf3e9f4583bd1d70c26976,270923.0654990289,1.56160932645066,656946.404085887,1.583444564564051,42501.93034716112,1.829421611163324,670279.4923543589,1.0015685133192844,array_size,1824
5fdf3ea34583bd1d70c26978,259322.82435508486,3.194975366397082,653563.0596481998,0.9527247268668418,42315.40765629194,0.7803743468952515,661248.0190684234,0.32254092033112425,array_size,1856
5fdf3ea44583bd1d70c2697c,178791.9612371555,4.495186211171551,453620.8213261379,1.414884603459004,29213.17978538513,1.9881758589275846,456608.63378119335,1.971053252407443,array_size,2656
5fdf3ea44583bd1d70c2697e,170368.6820504717,4.181223570099337,433283.50494607387,2.062948762574189,28253.877957010638,1.0006033849127423,430625.75749064184,2.7952298667430657,array_size,2784
5fdf3ea44583bd1d70c2697d,169509.22925149812,1.7071134422109828,421335.74972528504,0.7319660134203331,27523.66157137148,1.5061459482200845,417807.09791919775,2.3648325650950923,array_size,2880
5fdf3ea64583bd1d70c26983,296839.1212316902,3.612905760629458,755826.6801562782,1.3329403546385477,48648.71799092324,1.512694581788292,757721.70140585,1.6570239943609386,array_size,1600
5fdf3ea64583bd1d70c26984,207052.2382802925,5.793137128824064,525192.1716654667,2.0998934030041583,34226.66015078959,3.204008265380081,536914.6762755442,1.0386443947690047,array_size,2272
5fdf3ea64583bd1d70c26986,360801.67933883175,2.9880158166908157,891421.5130445692,2.010386650192581,58119.439046804466,1.5443333747942116,894049.2209613777,2.2243599529820473,array_size,1344
5fdf3ea64583bd1d70c26988,330559.85902036354,3.9244530695044495,843534.3128240466,0.8257152920446197,54091.96029810225,1.375643194578669,838008.4136247113,2.078217500189293,array_size,1440
5fdf3ea84583bd1d70c2698c,178452.30134762364,5.502892180847022,469749.42628218787,0.7260185910915143,30586.890418730603,1.029500368556161,472881.90429833875,0.49095761548955286,array_size,2592
5fdf3ea84583bd1d70c2698e,169860.3844212273,3.9320106074335657,439177.2629054955,1.2996273209768214,28710.08225152128,1.012153823672351,433731.8122257681,2.4731909729425725,array_size,2752
5fdf3ead4583bd1d70c26996,256863.18557869855,1.2744025055373733,623063.4674903441,0.6970746671002482,40328.46929512691,1.0474727180587355,627625.482992335,0.2642388690050471,array_size,1952
5fdf3eb64583bd1d70c26999,205820.4423179541,2.5892282767872787,503683.9792623104,2.2544349111347066,34054.90245054788,0.39842618522999823,519940.0839246831,0.1271165641759179,array_size,2368
5fdf3eb64583bd1d70c2699d,405432.16156065685,3.2488311442513615,1003921.622600212,1.4093108808544526,66645.33086051053,2.562682393079903,1034191.6296344985,0.18510296567715273,array_size,1184
5fdf3eb64583bd1d70c2699e,404578.1771240977,1.3860157636996833,985747.4768819129,1.2393056612517,63923.5500161699,2.4320133312315177,1005851.0869908764,0.3279145678772608,array_size,1216
5fdf3f8a4583bd1d70c269a0,2978.013884000876,9.115518867740773,34004.24010250429,3.0228230582685547,2250.6362093307275,0.7826913360860379,39147.76465924893,0.047627479918554566,array_size,32768
5fdf3fa94583bd1d70c269a2,1093.8500683404725,0.21711063472015618,17058.76387236452,2.9329179985362006,1131.525510147111,0.7304758667849083,19558.43971600549,0.05897525270759293,array_size,65536
5fdf3fc84583bd1d70c269a4,526.1942521189662,1.5763344284107732,8395.036805837308,3.050046988181765,555.8446987979705,0.986404863312965,9682.480969808872,0.7006234648402179,array_size,131072
5fdf3feb4583bd1d70c269a6,270.8140302215132,0.69229497800151,3989.916780907551,4.309509162593783,287.4485776515974,1.0008976321617296,4763.82902815817,0.9974209503007387,array_size,262144
5fdf40144583bd1d70c269a8,124.33405689848775,0.9465170348577268,2099.0685071793787,2.8377433870806974,146.35910371910992,0.12540848518011075,2408.9069854881527,0.3503597778442191,array_size,524288
5fdf403a4583bd1d70c269aa,57.48918149439541,1.7177247814338155,956.5610529879723,3.396314097978647,72.24735342648277,0.46869452075386586,1190.7041795429143,0.7049081307788613,array_size,1048576
5fdf40654583bd1d70c269ac,33.24149225793939,1.4691739924887315,462.4160874697681,1.753818675294212,34.68966452666126,1.5006868603912336,573.3655419530754,0.3332967239509034,array_size,2097152
5fdf40ab4583bd1d70c269ae,16.92619740682788,0.6547095382463031,242.77048665500976,2.673555096190416,18.060469599255132,0.9528630538482966,302.5684403923639,0.5478123964285944,array_size,4194304
5fdf44c14583bd1d70c269b0,8.640899202812408,0.634340774429232,123.02697317945083,3.5752474474318667,9.126172183061648,1.2406995191563253,152.37261302615403,0.055158278954834064,array_size,8388608
5fdf46104583bd1d70c269b2,767877.9514895948,0.7757122455412374,1900777.0041454278,0.5405574816550908,123562.71998080764,1.4002138874158512,1893286.6636259626,0.5388403010123466,array_size,640
5fdf461c4583bd1d70c269b6,345732.42942306295,10.229813150139618,838925.7178412217,0.9709608705852903,49680.5207261987,1.5207405331123656,834407.4944192953,2.642276853905286,array_size,1456
5fdf461c4583bd1d70c269b5,572426.3268102936,0.9128079234436848,1414880.4811859548,0.27052630998520205,86384.94573662548,9.807732289831831,1412705.4369739161,0.4932171000388643,array_size,864
5fdf46294583bd1d70c269b8,1467961.7674094916,2.9133436668787565,3625972.0447310423,4.484957821848342,219551.34672282808,1.370682379530642,3704021.880029651,0.47315093849978923,array_size,320
5fdf46364583bd1d70c269ba,733194.1985261727,1.7664204777266317,1837500.5194120887,0.5652437247982384,114794.28537969122,2.8197077442195524,1847452.4061718304,0.8481900290451417,array_size,656
5fdf465d4583bd1d70c269bc,1829224.005338606,3.406112644210423,4613755.821169863,0.624139535456218,283850.0153170498,3.6256391053753085,4563037.907756025,0.6900345481952176,array_size,256
5fdf46844583bd1d70c269bf,623387.2467845376,1.4441556247733653,1520718.4598186666,0.5123036207477671,96829.110932933,5.7006505215739915,1508813.9547024907,1.764343636840622,array_size,800
5fdf46844583bd1d70c269c0,6821729.4643198475,4.152703669667761,16061230.656557685,3.017932434736802,810044.4500444432,2.6015967610461335,16002289.964632398,3.2271512988840447,array_size,64
5fdf46914583bd1d70c269c2,582959.5611550789,1.0773130325704328,1430325.2566473645,1.835698735257164,90068.37620366666,5.267336558229102,1426089.4371010577,0.43939026189483515,array_size,848
5fdf469d4583bd1d70c269c4,396040.0373623782,4.035719577803197,941168.6225014374,0.5691646489414054,61912.53831964541,1.3430291890647694,945587.5166526355,0.419615040839391,array_size,1296
5fdf46b74583bd1d70c269c6,564682.679208487,2.0799211141048355,1382708.9114538198,0.7097896847321021,88053.79753417017,1.6453113877971284,1384986.8957242318,0.5251102860685921,array_size,880
5fdf46c34583bd1d70c269c8,12762482.572124194,3.7408493751345744,28616715.119919315,2.3953297255294546,1338239.7130430853,1.5247712399458746,28560447.847391512,2.553460296356741,array_size,32
5fdf46d04583bd1d70c269ca,1147236.5953699027,2.8285793791830764,2881548.7347704517,1.076496135531307,186776.75678649262,0.7903380299199304,2873555.3115591067,0.3852694370568115,array_size,416
5fdf46e84583bd1d70c269cc,709314.7570501472,1.2226887776841084,1769553.019206818,0.48985387490429355,115464.48708685776,0.8012353302438546,1766023.506620206,0.13162661447057825,array_size,688
5fdf46f54583bd1d70c269ce,603926.9832540808,0.961609754242828,1464857.8411133706,1.0130679377358556,87226.03485936808,4.727606792851467,1465920.8764068452,0.24602964801543392,array_size,832
5fdf47074583bd1d70c269d0,1241612.169634432,1.7163423429874345,3109920.8894854104,1.0199003824880752,197092.270713076,1.9683732802355771,3106246.9156357613,0.2250466098375209,array_size,384
5fdf472b4583bd1d70c269d2,670163.1390022683,1.3530800668250227,1651758.2781785545,0.2833035504592246,102478.74923186342,2.4354912832019164,1650012.9544127851,0.36505318026398403,array_size,736
5fdf47314583bd1d70c269d4,645215.4743810255,1.572626801023516,1553960.7945656474,4.310591424005658,102536.93945159453,1.30764932010508,1582234.412450505,0.27953331509602497,array_size,768
5fdf47414583bd1d70c269d6,812978.5082207369,2.8497889034594226,2018951.5186703315,1.2203442294714273,130265.38996886261,2.4692552743914087,2044697.4026223056,0.17115144693115347,array_size,592
5fdf476c4583bd1d70c269da,534388.9967275594,3.005893679228995,1336928.3098142021,0.257562069888056,85453.55999323142,2.2695457677043676,1336230.2486335854,0.12424464154441395,array_size,912
5fdf476c4583bd1d70c269d9,1542990.668592405,2.459898860803113,3923057.6824467396,0.3393872527618775,244776.45146618344,3.9210027094776514,3877901.2536824555,0.4330934504652333,array_size,304
5fdf47b24583bd1d70c269dd,3112297.3486651955,4.39989281184612,7660662.893678266,2.854968527273517,422008.7222283322,4.217533236730195,7737379.797605616,0.28766756834819796,array_size,144
5fdf47b24583bd1d70c269de,529614.1276230955,1.5454895028492093,1293431.5906260812,0.755274129788977,84897.34777673881,0.3935815135591979,1294331.2653967682,0.11009803481817941,array_size,944
5fdf47e44583bd1d70c269e5,416961.2968275789,3.526996232946819,1007174.5284398074,2.0833385737740024,62819.749407232484,7.582328016652462,1021971.5402969434,0.1308829221817297,array_size,1200
5fdf47e44583bd1d70c269e7,490646.5470152289,2.4720861513715255,1207977.9559022966,0.7371228461750718,79429.65938436765,1.251278759008031,1212142.840062523,1.0079511205070633,array_size,1008
5fdf47e44583bd1d70c269e6,447483.6222386275,1.3907967537735342,1086947.1759677695,1.0553637073468771,71024.83848004957,0.9796976362373286,1095008.1544521006,0.11563877283506686,array_size,1120
5fdf47e44583bd1d70c269e8,417818.0162006256,3.357782595371624,1032748.810268292,2.7486619918527926,62948.660289094834,6.315170878510326,1046526.6264100828,0.36669257685366496,array_size,1168
5fdf47e44583bd1d70c269ea,456869.62061473256,5.128903691820171,1125875.6373722458,2.385540117501906,69142.97092266765,3.5635958416311677,1134342.5007761724,0.3780485060769161,array_size,1072
5fdf47e44583bd1d70c269e9,494346.88039657776,2.7138447525661826,1229331.9541062948,0.25599715055064454,81177.50103817627,0.7673836075303069,1224131.5673680832,1.102980691900444,array_size,992
5fdf47ed4583bd1d70c269f0,2868021.9335509627,3.7473245707546425,7177836.229413565,0.5584583169340273,419098.48456245766,4.20347353057813,7042267.520056495,0.2225603037091853,array_size,160
5fdf47ed4583bd1d70c269ef,406111.43276182044,3.571380976319158,965810.9633906833,0.8996502283780791,62169.278287023466,2.8206702565390933,971879.2226999204,0.13174192226605147,array_size,1264
5fdf47ed4583bd1d70c269f1,455121.6815974566,1.4498757287685577,1088076.7769539698,2.039596809582888,71742.58372038968,5.524820820601549,1121632.1344723327,0.8120300162514832,array_size,1088
5fdf47ed4583bd1d70c269f2,472868.5754986353,1.3566093670145747,1146025.7779779383,2.0688143537996893,72380.3591772083,1.8714862900691627,1156998.7000013324,0.5709876949058859,array_size,1056
5fdf47f64583bd1d70c269f5,370523.85825816245,2.7119598619808007,877305.6205755542,0.5999073200045797,57816.5626953933,0.41820354615478517,883132.3822912261,0.2173387044682723,array_size,1392
5fdf47f64583bd1d70c269f6,1331761.3040666603,3.102453995059401,3282352.4870760953,4.903623040584341,199792.29379424648,1.6436931527346488,3363628.5559705296,0.6866188641965639,array_size,352
5fdf47ff4583bd1d70c269fa,693663.9745275703,1.1694424902718479,1729370.7993992716,0.49732259053677724,107987.03246486916,3.2362386822672855,1727450.2551262055,0.11685866243326762,array_size,704
5fdf47ff4583bd1d70c269fc,350323.7270918545,6.159326788499853,850932.9449911088,0.3365602095008476,55403.185808257826,1.0336332417843879,851504.6135286915,0.1010292075365856,array_size,1440
5fdf47ff4583bd1d70c269fb,471387.96090317983,5.1211074107716446,1165227.508779971,1.5566081927440023,75337.25424340784,1.734906716474811,1166442.5572301515,0.7890316421611153,array_size,1040
5fdf48084583bd1d70c269fe,896123.9103267936,1.3824283536065487,2287702.5519269505,0.5379509118971498,149068.36936489693,1.4243401637797497,2286130.520119258,0.10574630116986201,array_size,528
5fdf48114583bd1d70c26a00,527219.6187956408,0.6307714895711536,1277342.776119014,0.21992529707593322,83661.32134446272,0.48196050138266977,1274765.9394687247,0.22564430138035038,array_size,960
5fdf48194583bd1d70c26a04,5451168.826153451,2.883585067492477,13437560.135689406,2.1573567186317466,747885.4621804935,2.7301029425399457,13594871.812278777,0.500279262779677,array_size,80
5fdf48194583bd1d70c26a03,254156.88152463027,1.7599170654091376,620586.3941905037,0.15133151992832305,39331.25046200066,1.7530106888876615,625312.9301222952,0.7208211920922767,array_size,1984
5fdf48294583bd1d70c26a08,336265.8391978411,11.740402864056824,831563.3826249447,0.35243294500335115,54501.326978331825,1.3359384761800497,841107.9191613016,0.22057057496029253,array_size,1472
5fdf48294583bd1d70c26a09,296841.3226968122,8.617473763576857,739132.4208412912,0.4057052279619467,48250.22190995341,0.5427722089804652,743272.5367182222,0.3757378802792726,array_size,1664
5fdf48294583bd1d70c26a0a,248071.7679269333,5.693638906827124,598844.8796022441,0.3190693750972563,39309.0651775394,1.0508437838452658,603066.0566401139,0.11830105972454152,array_size,2048
5fdf48314583bd1d70c26a0e,332181.9166548013,2.6129739537150014,810009.5069978635,0.1104780353563129,52461.92995569474,1.2180272949046582,818677.7161404954,0.2968255776623436,array_size,1520
5fdf48314583bd1d70c26a0d,2041928.160801335,4.230309826457574,5156195.950241724,0.20876431080203098,317902.5767738832,3.1525868454625816,5214531.611924712,0.28018443305349594,array_size,224
5fdf483e4583bd1d70c26a11,4640499.178320351,3.9287278336499725,10944778.948533466,0.51664034219565,638160.1368924449,4.274059895116498,11165115.552074006,0.46547198443072907,array_size,96
5fdf483e4583bd1d70c26a12,1012861.0257176304,2.3473865463641457,2584421.2522607828,0.24335619429864327,164053.75864060488,2.617872791269873,2602173.875360924,0.40030825669469355,array_size,464
5fdf48454583bd1d70c26a17,888716.7771248249,0.6070337380751881,2091284.1356747288,0.5797586323549913,135125.49093178593,1.9308343165566424,2132301.676241276,0.591796275762557,array_size,576
5fdf48454583bd1d70c26a16,425493.8382271788,0.5845735723381875,1036648.6208114283,0.3003931258585851,67772.55164365044,0.37777023621901556,1041100.6785830678,0.2767302397266613,array_size,1184
5fdf48454583bd1d70c26a18,359548.48934212147,2.5292058847868244,863239.8047046938,0.2697709051262948,55386.4862550887,1.9575845549089688,864535.66377373,0.11227718213942545,array_size,1424
5fdf484d4583bd1d70c26a1a,254801.82915283312,1.4099837122221992,609854.2929314325,0.1537249942115339,39229.22461089851,2.2212667333995832,619607.5151801314,0.3149772299650241,array_size,2016
5fdf48554583bd1d70c26a1e,1513542.344739296,0.9017331040274839,3520973.4294701195,0.5892165788652535,221975.507999792,1.5835701780925031,3560923.7043465427,0.6096920213130271,array_size,336
5fdf48554583bd1d70c26a20,1186512.1110044564,0.8702727742553552,2768535.12573531,0.795651365790406,179685.24009828304,1.0161288513980502,2788159.5274659763,0.26636643968906787,array_size,432
5fdf48554583bd1d70c26a1f,1062429.4995953916,2.3548862334673264,2680149.353173002,0.11730707194365167,174872.33938034612,0.9825112100485796,2689300.952174329,0.6072520847059356,array_size,448
5fdf485c4583bd1d70c26a22,679918.1630792735,2.078865052480701,1670986.254054256,2.2791300972862123,110154.46827616975,0.35786927075469716,1713885.2446205255,0.34080061545889623,array_size,720
5fdf48634583bd1d70c26a27,1068383.0467378914,0.8906498360216887,2504764.356130794,0.24816378718830284,157060.98709676953,3.868432842436198,2525252.6408369006,0.20782712382403026,array_size,480
5fdf48634583bd1d70c26a29,2251614.1256896798,3.4281833054286976,5619541.568542686,0.446892222874846,349607.82603795937,0.4674150576190665,5606426.461742593,0.4957917670053216,array_size,208
5fdf48634583bd1d70c26a2a,559579.4908885413,0.7684519724514856,1354710.8456659864,0.6875427587304237,88458.19405971993,0.5502219720361858,1374291.1577416144,0.23883844684505534,array_size,896
5fdf48634583bd1d70c26a28,483156.1633067157,3.0273779184385115,1188650.2259504192,0.9472175693717055,77789.74604184492,1.156543070383206,1209079.5971634707,0.5388426692380012,array_size,1024
5fdf486e4583bd1d70c26a2c,367384.5118754081,0.3581627506428876,872329.1966964856,0.2638563323756234,55568.38014089699,2.512123121413452,875587.8128813598,0.503439913767884,array_size,1408
5fdf48784583bd1d70c26a2f,325609.5761706775,3.4602936756555183,778977.9478245842,0.8109333696190605,50597.85285135676,0.5833881017021045,790194.0003449763,0.3919763771151131,array_size,1568
5fdf48784583bd1d70c26a30,334648.2634624894,1.0269231808500539,793120.2446154192,0.39818665097033,52038.592969362704,0.19132497347901994,799756.5500301593,0.23888600670751198,array_size,1552
5fdf487e4583bd1d70c26a34,384686.9697436275,3.491897903400272,914265.4510198352,0.1432830727244659,59814.17439054754,0.7795674618108076,919632.6069958081,0.22637783695830827,array_size,1344
5fdf487e4583bd1d70c26a33,3907350.410203661,2.402371460098734,9637314.607486384,0.3950051490299242,581322.4368663119,3.2465404721019366,9826348.215033721,0.3501537121658893,array_size,112
5fdf48854583bd1d70c26a37,1653253.397603594,3.397596156829049,4084087.954721884,0.17178768317658194,260684.54237803235,1.7934452941297085,4135418.0449556247,0.5003492643185188,array_size,288
5fdf48854583bd1d70c26a38,253544.1948886559,3.230251258458184,614235.5396827279,0.33146925285747547,39074.809951044605,3.732813141377642,625089.1977398999,0.19564867881900547,array_size,2000
5fdf48984583bd1d70c26a3a,429337.6847101235,1.706691341508898,1111949.8991401573,0.1601763913439419,72007.76717244272,1.4570952549664828,1116104.6092618625,0.23022008353383797,array_size,1104
5fdf48a14583bd1d70c26a3d,375490.4760385556,0.4461437622459964,890626.26440397,0.2768622438204857,57623.90414536104,1.6272673572011158,902616.5602797085,0.2668355617053019,array_size,1376
5fdf48a14583bd1d70c26a3e,2015568.5239764669,2.988144856171238,4837665.875970096,0.25238462898081726,307598.41700632125,2.701536379856644,4915825.049546957,0.3946398579367949,array_size,240
5fdf48aa4583bd1d70c26a40,387147.24374531413,1.4289409189223228,924951.6466874804,0.20674702327706565,60171.479084312654,1.2989475183064683,934442.1424138874,0.3014614082157037,array_size,1328
5fdf48b84583bd1d70c26a43,415478.1850259076,0.5574254472320365,1007750.749665802,0.18825334896427945,66634.87676715181,0.6192370442953302,1013007.3653448172,0.4323792687367963,array_size,1216
5fdf48b84583bd1d70c26a44,944939.2794002465,0.683924784005783,2216200.17468881,0.17706696588797052,144587.22589449934,0.8576798649003928,2245113.934006882,0.16107951632372908,array_size,544
5fdf48be4583bd1d70c26a49,823924.5544129048,0.6991883636892793,1936330.821747389,0.2632600102405061,125315.26607843999,1.7952688419861103,1969973.8663699904,0.225349840265133,array_size,624
5fdf48be4583bd1d70c26a4a,272019.8481377082,1.4564926603712576,646131.3680593156,0.2816142229994076,41617.399469432625,1.0859266357662711,653100.1622938223,0.1767429458762712,array_size,1904
5fdf48be4583bd1d70c26a48,844869.8802343794,1.2552404504042267,2151612.13514052,0.25969676013791854,140987.55345015286,0.2756866108856095,2184819.922781431,0.17840421010790944,array_size,560
5fdf48c94583bd1d70c26a4c,439507.9276270742,0.37323644045765003,1064772.6252666516,0.2628435269165169,69858.03687083717,0.4731211318239125,1073605.3530368567,0.1557853790729844,array_size,1152
5fdf48ce4583bd1d70c26a50,2410608.667999898,3.275362522696513,5964702.409313545,0.21255213558763575,382493.98305177863,0.6710922591263537,5997937.828041783,0.5813507033260443,array_size,192
5fdf48ce4583bd1d70c26a4f,8988873.026344007,1.7186781242452382,21155823.38953841,1.1386435318722223,1087050.2767699903,0.65762683395442,21240521.51824455,1.4545532726079617,array_size,48
5fdf48d54583bd1d70c26a53,544503.7160035761,0.9865553782132676,1314889.4483856119,0.11247458560175516,87249.28498386446,0.34964361184469867,1333814.0730091012,0.17534205500183156,array_size,928
5fdf48d54583bd1d70c26a54,1774168.0524051522,2.889413341137589,4300403.753630838,0.25809144288495456,271338.7233455038,1.441227974180799,4346025.292682305,0.6097270629120175,array_size,272
5fdf48df4583bd1d70c26a56,596890.4060698322,1.5304551067522982,1485893.3221554335,0.5935058789590789,96890.91774795194,0.7166192979679954,1506851.151276911,0.17978528442565672,array_size,816
5fdf48e64583bd1d70c26a58,324589.5919391647,0.9560381536153876,770429.2243176228,0.1497841192041095,51131.54931496379,0.3239195311989327,773912.6043911974,0.25812344381348623,array_size,1600
5fdf48f44583bd1d70c26a5a,290121.0064783865,0.4850622121937578,693975.5857949792,0.2349359793168386,45891.69970791383,0.3962503252731114,701291.2021477093,0.21152557648806428,array_size,1776
5fdf48fb4583bd1d70c26a5c,650840.1848521859,2.642994862470515,1615410.8793527998,0.11141032935925309,107810.48280967158,0.26022973743543615,1636831.9823156262,0.23300586601272738,array_size,752
5fdf49154583bd1d70c26a5f,285185.53007784474,3.7423601693534163,679837.0197806023,0.23596070772036684,43778.86431197624,2.4117868553964548,688036.4029105896,0.14654716384178454,array_size,1808
5fdf49154583bd1d70c26a60,251730.3993343511,2.444524201869692,604885.1018373051,0.1586546304643161,39189.38549318791,2.346718603604077,612202.4824159687,0.24998226818563873,array_size,2032
5fdf49194583bd1d70c26a64,402670.490949385,3.90223996908649,958162.8225816259,0.13748860881966632,62541.94121204505,0.5488690726276566,966652.7340041766,0.12489074326528507,array_size,1280
5fdf49194583bd1d70c26a66,282747.383937766,3.590659354555171,673066.2472133334,0.29773356925450645,43581.2501465985,2.2175083998755194,683256.3744168037,0.1327488615208534,array_size,1824
5fdf49194583bd1d70c26a65,271366.4270217659,3.930553769348631,663008.51958447,0.12229454126085179,43008.99621845537,1.1519860386328105,670681.4685977326,0.38355329246544356,array_size,1856
5fdf491d4583bd1d70c26a6a,295658.51096448774,2.9846428352523926,705655.951674771,0.1388837065607034,46115.70384500981,0.8237912264247301,711766.3637657074,0.120715400493467,array_size,1744
5fdf491d4583bd1d70c26a69,1006615.7201932837,0.8781611323117379,2343699.128775516,0.5179478267243192,148164.36579796262,3.9785131328644736,2376449.4269904657,0.1676237431914043,array_size,512
5fdf49204583bd1d70c26a6d,1397137.3899815665,0.8981284725928133,3237496.7112036254,0.2365947801398672,209852.59058635743,1.040344461896369,3265973.2300013434,0.24137313381312223,array_size,368
5fdf49204583bd1d70c26a6e,256793.5695482779,5.56772016313445,631350.4225978005,0.14300745723729918,41192.646224874894,0.4724294748262461,636946.2378618222,0.2519403490538178,array_size,1952
5fdf49234583bd1d70c26a71,1284732.1440111103,0.893497601031293,2978392.3192022233,0.3595655013403734,190830.30877407992,0.7426263745462192,3012541.7321589324,0.27581958846834487,array_size,400
5fdf49234583bd1d70c26a72,938079.7906008436,5.831348307410079,2417278.4038708685,0.3436870714907401,153791.88802600544,2.8634225855616804,2454195.294391986,0.14295959572466913,array_size,496
5fdf49264583bd1d70c26a76,258070.03977892856,2.167533580448274,624960.4128120787,0.1670479135781945,40703.604076020056,1.4800380746412547,633256.0074094358,0.13456938737333352,array_size,1968
5fdf49264583bd1d70c26a77,301468.5379316014,5.849974611374684,734023.345137813,0.10485941462711482,46181.53402826553,2.1624105243368663,739545.7587686327,0.10360009864690463,array_size,1680
5fdf49264583bd1d70c26a78,261031.0395942213,4.666225113426762,640770.3106292229,0.1586679713711144,41371.93478863839,1.3745010649508307,645616.6075800108,0.10582026005039605,array_size,1920
5fdf49294583bd1d70c26a7a,306801.7056919667,1.7136433594965208,774223.5364936223,0.44402965908548986,49743.16113115406,1.3553339717843382,781895.8209991803,0.12346093105242181,array_size,1584
5fdf492b4583bd1d70c26a7d,320884.0986936577,1.3123865512961315,760734.6593295229,0.21714383301813528,49659.245155201796,1.395145360016367,767945.8173321274,0.20971642696145043,array_size,1616
5fdf492b4583bd1d70c26a7e,280842.2873301615,12.808576131128074,698432.9210093118,0.14447966348309835,45224.36091263576,1.1534201001738467,705840.957480986,0.122187069619859,array_size,1760
5fdf492d4583bd1d70c26a82,629676.0743622074,1.6099114391530576,1549024.9300099157,0.41284588198876004,100655.05553368646,1.0828275475612719,1570229.427279632,0.14665580842694506,array_size,784
5fdf492d4583bd1d70c26a84,315907.40442783426,0.47322982346894416,758935.4260512957,0.24490914257810326,49888.46855013405,0.29407762479492866,759599.9331042187,0.26154206243494393,array_size,1632
5fdf492d4583bd1d70c26a83,3563867.4373598737,2.964420115415184,8566335.77550469,0.3420024178525071,496075.8842426346,2.141696943205168,8672041.82218634,0.2879848853929537,array_size,128
5fdf49314583bd1d70c26a88,21813870.8439976,0.9532100847719047,46875051.551059045,2.893891523969468,3995623.089615967,0.697180620817668,47096255.602327906,1.1110448860420876,array_size,16
5fdf49314583bd1d70c26a87,345526.53582610964,0.76592316526695,830086.3046971736,0.34173462466432275,53631.09725307331,0.511938840706745,830644.4366519541,0.5051606629677731,array_size,1488
5fdf49334583bd1d70c26a8a,845481.6633188004,0.6076482164215733,1984789.343113968,0.3239882803704122,127838.49553692082,1.3826090045712272,2013918.7374840965,0.17503538765856227,array_size,608
5fdf49344583bd1d70c26a8c,733523.4291541053,1.3070094264209222,1784735.0013387837,1.4432488153362768,118377.35402600354,0.28167673955486533,1813105.3443584577,0.17093773685553332,array_size,672
5fdf49374583bd1d70c26a8e,392916.1077929486,0.46245141300645065,937849.1269913724,0.156155799908443,61360.206156644315,1.5969763496482547,941476.3549269438,0.11075735141630383,array_size,1312
5fdf493c4583bd1d70c26a90,2642406.1711623366,3.361978397125461,6460777.296608647,0.2521056708686032,400165.29020708206,0.3975264325138411,6520876.962371862,0.4447488546980715,array_size,176
5fdf49444583bd1d70c26a92,404265.6366311533,0.9461065232487795,985512.8671460615,0.15720476839255748,64009.444859332136,0.42912097345722405,994156.7409890648,0.21166201742915552,array_size,1248
5fdf49454583bd1d70c26a94,521577.74093309324,0.9643249887387734,1249382.7809416687,0.7817237380996578,82283.76777046555,0.40856726350945044,1266322.8115853786,0.23572488390304985,array_size,976
5fdf49484583bd1d70c26a96,409927.06795074174,0.7909089391609916,998268.9672835526,0.17669041870683574,65225.42986640074,0.4540990448666041,1007380.9799003209,0.20347232989928565,array_size,1232
5fdf49494583bd1d70c26a98,280220.5190582439,0.36904531865418927,673339.2418491286,0.24477100656324016,44295.380169110686,0.367365203383076,678196.4004594365,0.13451029301425982,array_size,1840
5fdf49564583bd1d70c26a9a,273866.2929844663,0.38225653308827146,651282.780477169,0.24216409592797924,42372.058607762265,0.44823151648285575,660385.8508501713,0.16597801421769706,array_size,1888
5fdf49574583bd1d70c26a9c,443937.8238154581,0.9430771038635001,1079430.8243838698,0.1577508996713364,70044.93419427193,0.5477417737611722,1091547.87086663,0.16334643424240114,array_size,1136
5fdf49584583bd1d70c26a9e,298428.09235871193,0.4737101818307444,717519.437775845,0.16059014708706268,44948.77664450104,1.0451908721908496,717267.5960792485,0.21832193894330468,array_size,1728
5fdf49594583bd1d70c26aa0,301338.0779696009,1.3669026998811962,721398.0720091576,0.10495718415374111,46841.365761258654,0.6601018709615512,726507.0279174757,0.12330604932632885,array_size,1712
5fdf495d4583bd1d70c26aa2,337436.3011880779,0.49226249037003345,801645.3941236126,0.3217348179675337,52220.18762711095,0.49270908921847006,810425.6646801189,0.3480439900362704,array_size,1536
5fdf495e4583bd1d70c26aa4,380150.63729882333,1.0466814545622072,904411.9623381546,0.10930031962018755,59636.51791132605,0.19753370974681483,913166.5568943003,0.1663050489332238,array_size,1360
5fdf49614583bd1d70c26aa6,304130.2049304804,0.3983725031383675,728371.4722354119,0.23844417782503177,47774.13627934337,0.3465605920013332,734294.0050102763,0.1255591796106387,array_size,1696
5fdf49624583bd1d70c26aa8,265861.01053836755,0.37210771996741077,640774.5801999249,0.12579976559877462,41624.13274368582,1.2734522176937177,641398.5721411464,0.12986100444141252,array_size,1936
5fdf49644583bd1d70c26aaa,345255.967838838,1.1891931032069096,818420.0884855421,0.14177713798610195,53385.14506837785,0.41369906498833087,827973.2180583238,0.13775230428395932,array_size,1504
5fdf49654583bd1d70c26aac,289545.48123256123,0.3980191972266336,693460.1746047748,0.13374372045086116,45261.78024295228,0.9221097541543445,694279.1559684577,0.13963792249107848,array_size,1792
5fdf49654583bd1d70c26aae,275770.6914857442,0.37757518077723834,660305.5791440299,0.2824536191679271,43448.09149574596,0.34765943779094205,665582.8279035271,0.13426754478656605,array_size,1872
5fdf49654583bd1d70c26ab0,313414.00480703294,0.5777843891261254,749136.7279818979,0.1662648858339813,49204.93642464095,0.3103022402569172,753481.2009049628,0.11755937475991143,array_size,1648